Seat Code,Constituency,State,Winner,BN,PH,PAS,WARISAN,BEBAS,IKATAN,PRM,BERJASA,PSM,PCM,MU,PFP,SAPP,STAR,PAP,HR,PPRS,PCS,ANAKNEGERI,SOLIDARITI,PBDSB,PBK,PEACE,Total Votes,Voter Turnout,MAJORITI,Registered Voters,Early Voters,NumCorner,Boundaries Redrawn,PAS Contested,1MDB,Urban/Semi-U/Rural,FELDA Settlement,B/P Sabah,B/P Sarawak,Chinese,Indian,Malay,Others,Orang Asli (Peninsular),Muslim B/P,Non-Muslim B/P
P1,Padang Besar,Perlis,BN,15032,13594,7874,0,0,0,0,0,0,0,0,0,0,0,0,0,0,0,0,0,0,0,0,36500,0.812,1438,46096,2466,3,0,1,0,3,1,0.3,0.68,8.45,0.88,86.61,3.08,0,0,0
P2,Kangar,Perlis,PH,15306,20909,8465,0,0,0,0,0,0,0,0,0,0,0,0,0,0,0,0,0,0,0,0,44680,0.817,5603,55938,1166,3,0,1,1,2,0,0.07,0.09,15.23,1.68,81.71,1.22,0,0,0
P3,Arau,Perlis,BN,16547,11691,11362,0,0,0,0,0,0,0,0,0,0,0,0,0,0,0,0,0,0,0,0,39600,0.839,4856,48187,488,3,0,1,0,3,0,0.09,0.07,7.66,1.65,87.66,2.87,0,0,0
P4,Langkawi,Kedah,PH,10061,18954,5512,0,0,0,0,0,0,0,0,0,0,0,0,0,0,0,0,0,0,0,0,34527,0.826,8893,42697,1588,3,1,1,0,3,0,0.19,0.17,6.51,2.4,90.37,0.36,0,0,0
P5,Jerlun,Kedah,PH,12413,18695,12829,0,0,0,0,0,0,0,0,0,0,0,0,0,0,0,0,0,0,0,0,43937,0.828,5866,54132,55,3,0,1,0,3,0,0,0,6.89,0.1,91.23,1.78,0,0,0
P6,Kubang Pasu,Kedah,PH,16975,29984,13375,0,0,0,0,0,0,0,0,0,0,0,0,0,0,0,0,0,0,0,0,60334,0.832,13009,73881,2650,3,0,1,1,2,1,0.18,0.18,8.53,3.46,86.49,1.15,0.01,0,0
P7,Padang Terap,Kedah,BN,16384,7254,15285,0,0,0,0,0,0,0,0,0,0,0,0,0,0,0,0,0,0,0,0,38923,0.856,1099,46644,248,3,0,1,0,3,1,0.03,0.03,1.27,0.17,92.14,6.36,0,0,0
P8,Pokok Sena,Kedah,PH,18390,28959,23401,0,0,0,0,0,0,0,0,0,0,0,0,0,0,0,0,0,0,0,0,70750,0.828,5558,86892,3283,3,1,1,0,3,0,0.06,0.12,15.45,2.45,81.45,0.47,0,0,0
P9,Alor Setar,Kedah,PH,14181,32475,17275,0,0,0,0,0,0,0,0,0,0,0,0,0,0,0,0,0,0,0,0,63931,0.811,15200,80272,696,3,1,1,1,1,0,0.05,0.1,31.72,4.21,63.58,0.34,0,0,0
P10,Kuala Kedah,Kedah,PH,19400,36624,23143,0,0,0,0,0,0,0,0,0,0,0,0,0,0,0,0,0,0,0,0,79167,0.824,13481,97753,69,3,1,1,0,3,0,0.03,0.03,20.25,1.12,78.27,0.3,0,0,0
P11,Pendang,Kedah,PAS,20728,14901,26536,0,81,0,0,0,0,0,0,0,0,0,0,0,0,0,0,0,0,0,0,62246,0.846,5808,74867,197,4,0,1,0,3,1,0.03,0.03,5.07,0.54,88.76,5.57,0,0,0
P12,Jerai,Kedah,PAS,21773,21651,22312,0,0,0,0,0,0,0,0,0,0,0,0,0,0,0,0,0,0,0,0,65736,0.837,539,79976,295,3,0,1,0,3,0,0.02,0.04,13.57,5.91,80.19,0.27,0,0,0
P13,Sik,Kedah,PAS,14870,6970,20088,0,0,0,0,0,0,0,0,0,0,0,0,0,0,0,0,0,0,0,0,41928,0.849,5218,50385,190,3,0,1,0,3,1,0.05,0.03,1.46,0.17,92.98,5.31,0,0,0
P14,Merbok,Kedah,PH,20830,30902,19618,0,0,0,0,0,0,0,0,0,0,0,0,0,0,0,0,0,0,0,0,71350,0.828,10072,87782,5670,3,1,1,1,2,0,0.16,0.39,15.06,15.34,68.58,0.46,0.01,0,0
P15,Sungai Petani,Kedah,PH,23963,45532,22760,0,0,0,279,0,0,0,0,0,0,0,0,0,0,0,0,0,0,0,0,92534,0.834,21569,112577,157,4,1,1,1,2,0,0.04,0.05,26.83,11.95,60.71,0.42,0,0,0
P16,Baling,Kedah,BN,38557,14472,37483,0,0,0,0,0,0,0,0,0,0,0,0,0,0,0,0,0,0,0,0,90512,0.859,1074,107213,363,3,0,1,0,3,1,0.05,0.04,4.38,5.14,88.87,1.41,0.11,0,0
P17,Padang Serai,Kedah,PH,15449,31724,22911,0,0,0,0,0,0,0,0,0,0,0,0,0,0,0,0,0,0,0,0,70084,0.839,8813,84834,92,3,1,1,1,2,0,0.04,0.04,19.79,20.74,59.05,0.34,0,0,0
P18,Kulim Bandar Baharu,Kedah,PH,18299,23159,12885,0,0,0,0,0,0,0,0,0,0,0,0,0,0,0,0,0,0,0,0,54343,0.832,4860,66587,1759,3,0,1,1,2,1,0.06,0.07,17.65,12.87,69.18,0.17,0,0,0
P19,Tumpat,Kelantan,PAS,29541,10003,47041,0,0,0,0,0,0,0,0,0,0,0,0,0,0,0,0,0,0,0,0,86585,0.8,17500,110924,421,3,1,1,0,3,0,0.02,0.05,3.13,0.15,92.92,3.73,0,0,0
P20,Pengkalan Chepa,Kelantan,PAS,19360,7435,32592,0,0,0,0,0,0,0,0,0,0,0,0,0,0,0,0,0,0,0,0,59387,0.807,13232,75384,3121,3,1,1,1,2,0,0.08,0.11,1.49,0.11,97.93,0.27,0.01,0,0
P21,Kota Bahru,Kelantan,PAS,16256,22422,28291,0,0,0,0,0,0,0,0,0,0,0,0,0,0,0,0,0,0,0,0,66969,0.77,5869,88708,666,3,0,1,1,1,0,0.04,0.05,14.21,0.78,84.46,0.46,0,0,0
P22,Pasir Mas,Kelantan,PAS,15005,5093,28080,0,5373,0,0,0,0,0,0,0,0,0,0,0,0,0,0,0,0,0,0,53551,0.777,13075,71222,445,4,1,1,0,3,0,0.03,0.04,1.99,0.06,97.59,0.29,0,0,0
P23,Rantau Panjang,Kelantan,PAS,18431,5361,24581,0,0,0,0,0,0,0,0,0,0,0,0,0,0,0,0,0,0,0,0,48373,0.751,6150,66115,111,3,1,1,0,3,0,0.02,0.04,2.06,0.07,97,0.81,0,0,0
P24,Kubang Kerian,Kelantan,PAS,16251,11557,35620,0,0,0,0,0,0,0,0,0,0,0,0,0,0,0,0,0,0,0,0,63428,0.791,19369,82018,90,3,1,1,0,3,0,0.03,0.04,1.68,0.14,97.98,0.13,0,0,0
P25,Bachok,Kelantan,PAS,32896,4880,36188,0,0,0,0,0,0,0,0,0,0,0,0,0,0,0,0,0,0,0,0,73964,0.82,3292,92606,261,3,1,1,1,2,0,0.02,0.03,1.08,0.04,98.46,0.37,0,0,0
P26,Ketereh,Kelantan,BN,25467,6799,20841,0,0,0,0,0,0,0,0,0,0,0,0,0,0,0,0,0,0,0,0,53107,0.834,4626,65238,4044,3,1,1,0,3,0,0.26,0.59,1.88,0.08,96.66,0.47,0.06,0,0
P27,Tanah Merah,Kelantan,BN,28152,4747,25223,0,0,0,0,0,0,0,0,0,0,0,0,0,0,0,0,0,0,0,0,58122,0.814,2929,73172,240,3,1,1,0,3,1,0.04,0.06,3.92,0.59,94.71,0.68,0,0,0
P28,Pasir Putih,Kelantan,PAS,30947,4896,32307,0,0,0,0,0,0,0,0,0,0,0,0,0,0,0,0,0,0,0,0,68150,0.817,1360,85411,302,3,1,1,0,3,0,0.03,0.04,0.96,0.05,98.17,0.75,0,0,0
P29,Machang,Kelantan,BN,26076,5695,23252,0,0,0,0,0,0,0,0,0,0,0,0,0,0,0,0,0,0,0,0,55023,0.824,2824,68387,300,3,0,1,0,3,0,0.04,0.05,3.13,0.18,96.45,0.15,0,0,0
P30,Jeli,Kelantan,BN,21665,2078,15018,0,0,0,0,0,0,0,0,0,0,0,0,0,0,0,0,0,0,0,0,38761,0.835,6647,47470,2950,3,1,1,0,3,0,0.29,0.35,0.19,0.11,98.23,0.27,0.56,0,0
P31,Kuala Krai,Kelantan,PAS,20911,5173,28903,0,0,0,0,0,0,0,0,0,0,0,0,0,0,0,0,0,0,0,0,54987,0.8,7992,70348,263,3,0,1,0,3,0,0.04,0.04,3.96,1.17,94.55,0.23,0.01,0,0
P32,Gua Musang,Kelantan,BN,19426,4997,15513,0,0,0,0,0,0,0,0,0,0,0,0,0,0,0,0,0,0,0,0,39936,0.785,3913,52524,243,3,1,1,0,3,1,0.06,0.05,5.58,0.51,82.43,0.27,11.1,0,0
P33,Besut,Terengganu,BN,34335,6864,29736,0,0,0,0,0,0,0,0,0,0,0,0,0,0,0,0,0,0,0,0,70935,0.835,4599,86627,1753,3,0,1,1,2,1,0.06,0.07,1.41,0.09,98.1,0.27,0,0,0
P34,Setiu,Terengganu,PAS,32218,4740,35020,0,0,0,0,0,0,0,0,0,0,0,0,0,0,0,0,0,0,0,0,71978,,2802,86247,334,3,1,1,0,3,1,0.05,0.03,0.33,0.03,99.41,0.15,0,0,0
P35,Kuala Nerus,Terengganu,PAS,29527,4604,37974,0,0,0,0,0,0,0,0,0,0,0,0,0,0,0,0,0,0,0,0,72105,0.875,8447,83663,1756,3,1,1,0,3,1,0.06,0.06,0.95,0.08,98.7,0.15,0,0,0
P36,Kuala Terengganu,Terengganu,PAS,28215,15380,42988,0,0,0,0,0,0,0,0,0,0,0,0,0,0,0,0,0,0,0,0,86583,0.847,14773,103611,1510,3,1,1,1,1,0,0.05,0.05,9.21,0.52,90.01,0.16,0,0,0
P37,Marang,Terengganu,PAS,31795,5138,53749,0,0,0,0,0,0,0,0,0,0,0,0,0,0,0,0,0,0,0,0,90682,,21954,104898,827,3,0,1,0,3,0,0.04,0.05,2.01,0.08,97.69,0.13,0,0,0
P38,Hulu Terengganu,Terengganu,BN,30925,3364,28057,0,0,0,0,0,0,0,0,0,0,0,0,0,0,0,0,0,0,0,0,62346,0.863,2868,73487,279,3,0,1,0,3,1,0.04,0.04,0.47,0.04,99.08,0.12,0.21,0,0
P39,Dungun,Terengganu,PAS,27731,6833,40850,0,0,0,0,0,0,0,0,0,0,0,0,0,0,0,0,0,0,0,0,75414,0.848,13119,90506,582,3,1,1,1,2,1,0.07,0.06,3.41,0.18,96.01,0.27,0,0,0
P40,Kemaman,Terengganu,PAS,37715,12911,39878,0,0,0,0,0,0,0,0,0,0,0,0,0,0,0,0,0,0,0,0,90504,,2163,107593,442,3,0,1,1,2,1,0.06,0.09,5.38,0.62,93.42,0.24,0.19,0,0
P41,Kepala Batas,Penang,BN,22459,17723,12120,0,0,0,0,0,0,0,0,0,0,0,0,0,0,0,0,0,0,0,0,52302,0.878,4736,60523,779,3,1,1,0,3,0,0.06,0.06,17.02,4.17,78.56,0.13,0,0,0
P42,Tasek Gelugor,Penang,BN,18547,18466,14891,0,0,0,0,0,0,0,0,0,0,0,0,0,0,0,0,0,0,0,0,51904,,81,60850,2642,3,0,1,0,3,0,0.12,0.15,14.71,6.59,78.23,0.2,0,0,0
P43,Bagan,Penang,PH,7751,51653,0,0,0,0,0,0,0,502,181,0,0,0,0,0,0,0,0,0,0,0,0,60087,0.847,43902,71583,184,4,0,0,1,1,0,0.05,0.03,71.27,15.03,13.35,0.27,0,0,0
P44,Permatang Pauh,Penang,PH,19866,35534,14428,0,0,0,0,0,0,0,0,0,0,0,0,0,0,0,0,0,0,0,0,69828,0.864,15668,81789,752,3,0,1,1,2,0,0.07,0.06,21.41,6.16,71.94,0.36,0,0,0
P45,Bukit Mertajam,Penang,PH,10907,63784,0,0,0,0,0,0,0,0,0,0,0,0,0,0,0,0,0,0,0,0,0,74691,0.854,52877,88998,75,2,0,0,1,2,0,0.06,0.03,70.36,9.95,19.34,0.26,0,0,0
P46,Batu Kawan,Penang,PH,9130,42683,2636,0,0,0,0,0,0,0,0,256,0,0,0,0,0,0,0,0,0,0,0,54705,0.848,33553,65394,223,4,0,1,1,2,0,0.08,0.06,55.87,22.76,20.94,0.29,0,0,0
P47,Nibong Tebal,Penang,PH,19578,35395,6875,0,331,0,0,0,0,0,0,0,0,0,0,0,0,0,0,0,0,0,0,62179,0.861,15817,73383,461,4,0,1,0,3,0,0.07,0.04,35.03,16.95,47.7,0.2,0.01,0,0
P48,Bukit Bendera,Penang,PH,9318,50049,0,0,0,0,0,0,0,0,339,0,0,0,0,0,0,0,0,0,0,0,0,59706,0.805,40731,75069,1209,3,0,0,1,2,0,0.09,0.09,72.83,11.29,14.65,1.05,0,0,0
P49,Tanjong,Penang,PH,5064,34663,0,0,0,0,0,0,0,0,0,0,0,0,0,0,0,0,0,0,0,0,0,39727,0.809,29599,49586,876,2,0,0,1,1,0,0.04,0.03,84.17,9.55,5.89,0.32,0,0,0
P50,Jelutong,Penang,PH,12529,50700,0,0,0,0,0,0,0,0,437,0,0,0,0,0,0,0,0,0,0,0,0,63666,0.839,38171,76991,852,3,0,0,1,1,0,0.06,0.04,65.21,11.67,22.62,0.4,0,0,0
P51,Bukit Gelugor,Penang,PH,9671,65622,0,0,0,0,0,0,0,0,412,0,0,0,0,0,0,0,0,0,0,0,0,75705,0.835,55951,91595,152,3,0,0,1,2,0,0.06,0.04,73.86,11.27,14.33,0.44,0,0,0
P52,Bayan Baru,Penang,PH,13804,51555,8757,0,0,0,0,0,0,0,733,0,0,0,0,0,0,0,0,0,0,0,0,74849,0.836,37751,90780,2538,4,0,1,1,2,0,0.19,0.18,48.51,11.02,39.6,0.5,0,0,0
P53,Balik Pulau,Penang,PH,19007,25471,5298,0,0,0,0,0,0,0,0,0,0,0,0,0,0,0,0,0,0,0,0,49776,0.856,6464,59086,870,3,1,1,0,3,0,0.15,0.1,30.16,4.43,64.9,0.26,0,0,0
P54,Gerik,Perak,BN,13243,6353,7715,0,0,0,0,0,0,0,0,0,0,0,0,0,0,0,0,0,0,0,0,27311,0.781,5528,35903,3587,3,0,1,0,3,1,0.55,0.84,14.05,3.29,69.1,3.1,9.07,0,0
P55,Lenggong,Perak,BN,12523,3932,6750,0,0,0,0,0,0,0,0,0,0,0,0,0,0,0,0,0,0,0,0,23205,0.797,5773,29752,52,3,0,1,0,3,1,0.07,0.05,12.69,1.44,83.46,0.16,2.13,0,0
P56,Larut,Perak,BN,18184,7738,13698,0,0,0,0,0,0,0,0,0,0,0,0,0,0,0,0,0,0,0,0,39620,0.818,4486,49453,237,3,1,1,0,3,1,0.05,0.04,4.34,5.64,89.69,0.24,0,0,0
P57,Parit Buntar,Perak,PH,13655,16753,12312,0,0,0,0,0,0,0,0,0,0,0,0,0,0,0,0,0,0,0,0,42720,0.836,3098,51860,99,3,1,1,0,3,0,0.05,0.02,25.7,4.76,69.35,0.12,0,0,0
P58,Bagan Serai,Perak,BN,17220,12987,17048,0,0,0,0,0,0,0,0,0,0,0,0,0,0,0,0,0,0,0,0,47255,0.816,172,59293,349,3,0,1,0,3,0,0.04,0.04,12.89,9.01,77.89,0.13,0,0,0
P59,Bukit Gantang,Perak,BN,22450,18361,16052,0,0,0,0,0,0,0,0,0,0,0,0,0,0,0,0,0,0,0,0,56863,0.828,4089,69873,82,3,1,1,0,3,0,0.04,0.05,18.9,8.41,72.39,0.2,0.01,0,0
P60,Taiping,Perak,PH,15613,42997,11133,0,0,0,0,0,0,0,0,0,0,0,0,0,0,0,0,0,0,0,0,69743,0.786,27384,90729,5079,3,1,1,1,1,0,0.23,0.62,46.41,13.45,38.81,0.45,0.03,0,0
P61,Padang Rengas,Perak,BN,10491,7943,6847,0,0,0,0,0,0,0,0,0,0,0,0,0,0,0,0,0,0,0,0,25281,0.829,2548,30996,40,3,0,1,0,3,0,0.02,0.04,15.42,6.65,77.75,0.12,0,0,0
P62,Sungai Siput,Perak,PH,15210,20817,5194,0,0,0,0,0,1505,0,0,0,0,0,0,0,0,0,0,0,0,0,0,42726,,5607,55002,264,4,0,1,1,2,1,0.05,0.04,36.28,20.89,34.28,0.16,8.3,0,0
P63,Tambun,Perak,PH,33341,38661,14948,0,0,0,0,0,0,0,0,0,0,0,0,0,0,0,0,0,0,0,0,86950,0.825,5320,107763,4709,3,1,1,1,2,0,0.18,0.33,20.22,11.42,66.32,0.45,1.08,0,0
P64,Ipoh Timur,Perak,PH,13722,56519,0,0,0,0,0,0,0,0,0,0,0,0,0,0,0,0,0,0,0,0,0,70241,0.784,42797,91486,2675,2,1,0,1,1,0,0.08,0.09,72.01,6.4,21,0.4,0.02,0,0
P65,Ipoh Barat,Perak,PH,9889,55613,0,0,0,0,0,0,0,0,0,0,0,0,0,0,0,0,0,0,0,0,0,65502,0.788,45724,84874,590,2,1,0,1,1,0,0.04,0.06,63.16,24.42,11.83,0.46,0.03,0,0
P66,Batu Gajah,Perak,PH,8982,52850,0,0,0,0,0,0,955,0,0,0,0,0,0,0,0,0,0,0,0,0,0,62787,0.784,43868,81399,717,3,1,0,1,1,0,0.04,0.05,75,14.61,9.95,0.3,0.05,0,0
P67,Kuala Kangsar,Perak,BN,12102,11371,6583,0,0,0,0,0,0,0,0,0,0,0,0,0,0,0,0,0,0,0,0,30056,0.831,731,36954,376,3,0,1,1,2,0,0.07,0.06,21.6,6.61,70.36,0.25,1.05,0,0
P68,Beruas,Perak,PH,13277,41231,5759,0,0,0,0,0,0,0,0,0,0,0,0,0,0,0,0,0,0,0,0,60267,0.772,27954,79794,194,3,1,1,0,3,0,0.09,0.07,59.25,14.06,26.33,0.19,0.01,0,0
P69,Parit,Perak,BN,14035,7240,7715,0,0,0,0,0,0,0,0,0,0,0,0,0,0,0,0,0,0,0,0,28990,0.823,6320,35910,481,3,0,1,0,3,0,0.07,0.08,2.24,2.54,93,0.21,1.86,0,0
P70,Kampar,Perak,PH,18415,30216,3864,0,0,0,0,0,0,0,0,0,0,0,0,0,0,0,0,0,0,0,0,52495,0.771,11801,69436,402,3,1,1,1,2,0,0.05,0.05,55.37,9.16,33.39,0.24,1.74,0,0
P71,Gopeng,Perak,PH,19145,48923,11165,0,0,0,0,0,0,0,0,0,0,0,0,0,0,0,0,0,0,0,0,79233,0.812,29778,99167,978,3,1,1,1,2,0,0.07,0.07,46.01,9.12,42.37,0.27,2.09,0,0
P72,Tapah,Perak,BN,16086,15472,4616,0,0,0,0,0,0,0,0,0,0,0,0,0,0,0,0,0,0,0,0,36174,0.787,614,47128,1939,3,1,1,0,3,0,0.08,0.1,25.83,14.29,46.24,0.5,12.96,0,0
P73,Pasir Salak,Perak,BN,20003,12291,11151,0,0,0,0,0,0,0,0,0,0,0,0,0,0,0,0,0,0,0,0,43445,0.814,7712,54671,75,3,0,1,0,3,0,0.04,0.05,12.86,3.49,80.65,0.16,2.75,0,0
P74,Lumut,Perak,PH,21555,21955,10135,0,0,0,0,0,0,0,0,0,0,0,0,0,0,0,0,0,0,0,0,53645,0.82,400,67157,11900,3,1,1,1,2,0,0.56,0.66,14.96,11.44,72.05,0.3,0.03,0,0
P75,Bagan Datuk,Perak,BN,18909,13836,4061,0,0,0,0,0,0,0,0,0,0,0,0,0,0,0,0,0,0,0,0,36806,0.799,5073,47309,1681,3,1,1,0,3,0,0.36,0.15,17.72,21.63,58.99,1.13,0.02,0,0
P76,Telok Intan,Perak,PH,17991,29170,6494,0,0,0,0,0,0,0,0,0,0,0,0,0,0,0,0,0,0,0,0,53655,0.821,11179,66487,371,3,1,1,1,2,0,0.02,0.04,40.09,18.64,40.67,0.33,0.21,0,0
P77,Tanjong Malim,Perak,PH,19314,24672,10311,0,0,0,0,0,0,0,0,0,0,0,0,0,0,0,0,0,0,0,0,54297,0.812,5358,68468,530,3,1,1,0,3,1,0.06,0.07,25.56,13.02,55.56,0.42,5.31,0,0
P78,Cameron Highlands,Pahang,BN,10307,9710,3587,0,0,0,0,81,680,0,0,0,0,0,0,0,0,0,0,0,0,0,0,24365,0.79,597,32048,255,5,0,1,0,3,1,0.12,0.06,29.48,14.91,33.5,0.37,21.56,0,0
P79,Lipis,Pahang,BN,13995,7426,6671,0,0,0,0,0,0,0,0,0,0,0,0,0,0,0,0,0,0,0,0,28092,0.812,6569,35294,1071,3,0,1,0,3,1,0.05,0.07,15.64,5.23,78.02,0.22,0.77,0,0
P80,Raub,Pahang,PH,17500,20659,7866,0,0,0,0,0,0,0,0,0,0,0,0,0,0,0,0,0,0,0,0,46025,0.814,3159,57723,493,3,1,1,0,3,1,0.05,0.06,38.11,6.15,52.07,0.31,3.25,0,0
P81,Jerantut,Pahang,BN,22640,10877,16732,0,0,0,0,0,0,0,0,0,0,0,0,0,0,0,0,0,0,0,0,50249,0.808,5908,63609,398,3,0,1,0,3,1,0.06,0.05,13.02,2.63,81.76,0.24,2.24,0,0
P82,Indera Mahkota,Pahang,PH,17628,28578,17515,0,0,0,0,0,0,0,0,0,0,0,0,0,0,0,0,0,0,0,0,63721,0.837,10950,77208,3154,3,0,1,1,2,0,0.27,0.16,26.89,5.68,66.62,0.34,0.04,0,0
P83,Kuantan,Pahang,PH,13667,22807,14696,0,0,0,0,0,0,0,0,0,0,0,0,0,0,0,0,0,0,0,0,51170,0.832,8111,62696,1881,3,0,1,1,1,0,0.11,0.09,29.58,3.34,66.39,0.32,0.17,0,0
P84,Paya Besar,Pahang,BN,19033,11776,13291,0,0,0,0,0,0,0,0,0,0,0,0,0,0,0,0,0,0,0,0,44100,0.815,5742,55135,72,3,0,1,0,3,1,0.06,0.07,12.86,1.94,83.36,0.31,1.4,0,0
P85,Pekan,Pahang,BN,43854,7662,18995,0,103,0,0,0,0,0,0,0,0,0,0,0,0,0,0,0,0,0,0,70614,0.813,24859,88899,6824,4,0,1,0,3,1,0.23,0.48,2.01,0.82,87.79,0.81,7.86,0,0
P86,Maran,Pahang,BN,16064,4360,12301,0,0,0,0,0,0,0,0,0,0,0,0,0,0,0,0,0,0,0,0,32725,0.813,3763,41036,263,2,0,1,0,3,1,0.05,0.05,6.16,1.45,90.16,0.3,1.83,0,0
P87,Kuala Krau,Pahang,BN,18058,5071,15182,0,0,0,0,0,0,0,0,0,0,0,0,0,0,0,0,0,0,0,0,38311,0.827,2876,47264,45,3,0,1,0,3,1,0.04,0.05,2.77,2.29,89.86,0.21,4.78,0,0
P88,Temerloh,Pahang,PH,22094,23998,14734,0,224,0,0,0,0,0,0,0,0,0,0,0,0,0,0,0,0,0,0,61050,0.828,1904,75081,2942,5,1,1,1,2,1,0.29,0.61,22.52,8.11,66.47,0.75,1.25,0,0
P89,Bentong,Pahang,PH,23684,25716,5706,0,0,0,0,0,0,0,0,0,0,0,0,0,0,0,0,0,0,0,0,55106,0.834,2032,67359,1660,3,0,1,0,3,1,0.09,0.17,41.69,9.16,46.5,0.31,2.08,0,0
P90,Bera,Pahang,BN,20760,18449,8096,0,0,0,0,0,0,0,0,0,0,0,0,0,0,0,0,0,0,0,0,47305,0.823,2311,58711,1615,3,0,1,0,3,1,0.2,0.17,29.17,3.71,61.89,0.27,4.59,0,0
P91,Rompin,Pahang,BN,26628,7876,15233,0,0,0,0,0,0,0,0,0,0,0,0,0,0,0,0,0,0,0,0,49737,0.822,11395,61918,685,3,0,1,0,3,1,0.08,0.06,2.31,1.03,87.71,0.36,8.45,0,0
P92,Sabak Bernam,Selangor,BN,12862,11188,9300,0,0,0,0,0,0,0,0,0,0,0,0,0,0,0,0,0,0,0,0,33350,0.833,1674,40863,72,3,0,1,0,3,0,0.05,0.07,11.69,4.95,83.05,0.18,0.01,0,0
P93,Sungai Besar,Selangor,PH,16636,17350,7220,0,0,0,0,0,0,0,0,0,0,0,0,0,0,0,0,0,0,0,0,41206,0.859,714,48739,353,3,0,1,0,3,0,0.11,0.05,28.77,2.02,68.71,0.33,0.01,0,0
P94,Hulu Selangor,Selangor,PH,27392,40783,16620,0,426,0,0,0,0,0,0,0,0,0,0,0,0,0,0,0,0,0,0,85221,0.859,13391,100990,1472,4,0,1,1,2,1,0.17,0.16,20.8,16.22,60.39,0.62,1.64,0,0
P95,Tanjong Karang,Selangor,BN,17596,15626,7276,0,0,0,0,0,0,0,0,0,0,0,0,0,0,0,0,0,0,0,0,40498,0.873,1970,47198,26,3,1,1,0,3,0,0.05,0.03,15.96,8.94,74.67,0.35,0,0,0
P96,Kuala Selangor,Selangor,PH,21344,29842,8535,0,0,0,0,0,0,0,0,0,0,0,0,0,0,0,0,0,0,0,0,59721,0.877,8498,69397,402,3,1,1,0,3,0,0.1,0.08,12.92,21.09,65.43,0.37,0.01,0,0
P97,Selayang,Selangor,PH,19501,60158,18343,0,0,0,0,0,0,0,0,0,0,0,0,0,0,0,0,0,0,0,0,98002,0.856,40657,116176,832,3,1,1,1,2,0,0.21,0.18,28.73,17.7,51.79,1.17,0.22,0,0
P98,Gombak,Selangor,PH,26392,75113,17537,0,0,0,0,0,0,0,0,0,0,0,0,0,0,0,0,0,0,0,0,119042,0.854,48721,141112,304,3,1,1,1,2,0,0.15,0.14,10.67,10.77,75.8,2.08,0.39,0,0
P99,Ampang,Selangor,PH,12351,54307,9598,0,0,0,294,0,0,0,0,0,0,0,0,0,0,0,0,0,0,0,0,76550,0.845,41956,91737,22,4,1,1,1,2,0,0.2,0.13,34.66,8.71,54.79,1.5,0.01,0,0
P100,Pandan,Selangor,PH,12190,64733,8336,0,73,0,442,0,0,0,0,0,0,0,0,0,0,0,0,0,0,0,0,85774,0.854,52543,101319,825,5,1,1,1,1,0,0.34,0.15,45.95,7.12,45.58,0.85,0.01,0,0
P101,Hulu Langat,Selangor,PH,23580,49004,15663,0,0,0,0,0,0,0,0,0,0,0,0,0,0,0,0,0,0,0,0,88247,0.875,25424,102363,3946,3,1,1,1,2,0,0.32,0.27,22.08,10.42,64.98,1.18,0.75,0,0
P102,Bangi,Selangor,PH,19766,102557,33789,0,0,0,215,0,0,0,0,0,0,0,0,0,0,0,0,0,0,0,0,156327,0.883,68768,178790,1462,4,1,1,1,1,0,0.28,0.22,38.95,11.12,48.48,0.94,0.01,0,0
P103,Puchong,Selangor,PH,12794,60429,10255,0,0,0,0,0,0,0,0,0,0,0,0,0,0,0,0,0,0,0,0,83478,0.875,47635,96437,430,3,1,1,1,1,0,0.32,0.17,51.98,10.03,36.86,0.49,0.15,0,0
P104,Subang,Selangor,PH,12077,104430,0,0,173,9025,0,0,0,0,0,0,0,0,0,0,0,0,0,0,0,0,0,125705,0.867,92353,146422,1593,4,1,0,1,1,0,0.41,0.27,56.49,15.15,26.62,1.05,0.01,0,0
P105,Petaling Jaya,Selangor,PH,21847,78984,14448,0,0,0,0,0,0,0,0,0,0,0,0,0,0,0,0,0,0,0,0,115279,0.827,57137,140920,3410,3,1,1,1,1,0,0.31,0.22,32.03,19.54,46.57,1.32,0.01,0,0
P106,Damansara,Selangor,PH,14380,121283,0,0,0,0,617,0,0,0,0,0,0,0,0,0,0,0,0,0,0,0,0,136280,0.838,106903,164322,500,3,1,0,1,1,0,0.18,0.12,69.42,9.42,19.67,1,0.19,0,0
P107,Sungai Buloh,Selangor,PH,16681,43631,16997,0,0,0,0,0,642,0,0,0,0,0,0,0,0,0,0,0,0,0,0,77951,0.87,26634,90707,3232,4,1,1,1,1,0,0.46,0.47,21.64,10.72,65.33,1.34,0.04,0,0
P108,Shah Alam,Selangor,PH,22100,55949,15194,0,0,0,0,0,0,0,0,0,0,0,0,0,0,0,0,0,0,0,0,93243,0.878,33849,107316,2158,3,1,1,1,1,0,0.3,0.23,10.83,12.78,75.26,0.53,0.07,0,0
P109,Kapar,Selangor,PH,26412,47731,31425,0,0,0,525,0,0,0,0,0,0,0,0,0,0,0,0,0,0,0,0,106093,0.863,16306,124983,397,4,1,1,1,1,0,0.25,0.09,14.78,13.55,70.72,0.59,0.02,0,0
P110,Klang,Selangor,PH,19506,98279,9169,0,120,0,0,0,0,0,0,0,0,0,0,0,0,0,0,0,0,0,0,127074,0.861,78773,149348,1283,4,1,1,1,1,0,0.37,0.13,55.26,17.09,26.44,0.66,0.05,0,0
P111,Kota Raja,Selangor,PH,17874,90697,19555,0,0,0,0,0,0,0,0,0,0,0,0,0,0,0,0,0,0,0,0,128126,0.868,71142,149021,29,3,1,1,1,1,0,0.59,0.15,27.66,27.68,43.15,0.76,0.01,0,0
P112,Kuala Langat,Selangor,PH,26127,43239,18731,0,0,0,0,0,0,0,0,0,0,0,0,0,0,0,0,0,0,0,0,88097,0.873,17112,102406,1166,3,1,1,1,2,0,0.18,0.13,24.03,16.26,57.17,0.51,1.72,0,0
P113,Sepang,Selangor,PH,28035,46740,15882,0,0,0,0,0,0,0,0,0,0,0,0,0,0,0,0,0,0,0,0,90657,0.881,18705,104508,1548,3,0,1,1,2,0,0.31,0.23,20.33,14.21,62.33,0.54,2.05,0,0
P114,Kepong,WP Kuala Lumpur,PH,4888,56516,0,0,0,0,0,0,0,0,0,0,0,0,0,0,0,0,0,0,0,0,0,61404,0.85,51628,72696,284,2,1,0,1,1,0,0.3,0.05,88.76,6.03,4.55,0.31,0,0,0
P115,Batu,WP Kuala Lumpur,PH,13687,38125,10610,0,383,0,0,0,0,0,0,0,0,0,0,0,0,0,0,0,0,0,0,62805,0.833,24438,76328,3614,4,1,1,1,1,0,0.32,0.44,38.28,17.46,42.52,0.96,0.02,0,0
P116,Wangsa Maju,WP Kuala Lumpur,PH,17940,42178,13490,0,0,0,0,0,0,0,0,0,0,0,0,0,0,0,0,0,0,0,0,73608,0.842,24238,88482,3599,3,1,1,1,1,0,0.45,0.59,29.57,8.18,59.82,1.35,0.04,0,0
P117,Segambut,WP Kuala Lumpur,PH,7422,53124,4181,0,0,0,0,0,0,0,0,0,0,0,0,0,0,0,0,0,0,0,0,64727,0.837,45702,77956,21,3,1,1,1,1,0,0.14,0.12,58.93,11.77,27.53,1.5,0.01,0,0
P118,Setiawangsa,WP Kuala Lumpur,PH,20099,34471,6282,0,0,0,0,0,0,0,0,0,0,0,0,0,0,0,0,0,0,0,0,60852,0.859,14372,72136,17398,3,1,1,1,1,0,0.76,1.08,25.87,10.38,61.09,0.78,0.04,0,0
P119,Titiwangsa,WP Kuala Lumpur,PH,19701,23840,6845,0,0,0,0,0,0,0,0,0,0,0,0,0,0,0,0,0,0,0,0,50386,0.826,4139,61598,2695,3,0,1,1,1,0,0.5,0.37,17.3,9.42,70.49,1.91,0.01,0,0
P120,Bukit Bintang,WP Kuala Lumpur,PH,7256,44516,0,0,0,0,0,0,0,0,0,636,0,0,0,0,0,0,0,0,0,0,0,52408,0.759,37260,69526,3769,3,1,0,1,1,0,0.37,0.28,75.12,10.95,12.53,0.73,0.02,0,0
P121,Lembah Pantai,WP Kuala Lumpur,PH,27715,33313,5277,0,0,0,0,0,0,0,0,0,0,0,0,0,0,0,0,0,0,0,0,66305,0.835,5598,80346,10250,3,1,1,1,1,0,0.68,0.48,18.91,16.24,62.12,1.55,0.02,0,0
P122,Seputeh,WP Kuala Lumpur,PH,7035,63094,0,0,0,0,0,0,0,0,0,0,0,0,0,0,0,0,0,0,0,0,0,70129,0.818,56059,86256,79,2,1,0,1,1,0,0.23,0.08,82.03,7.87,9.04,0.75,0,0,0
P123,Cheras,WP Kuala Lumpur,PH,7006,56671,0,0,0,0,0,0,0,0,0,0,0,0,0,0,0,0,0,0,0,0,0,63677,0.813,49665,78819,457,2,1,0,1,1,0,0.22,0.06,82.93,6.73,9.68,0.38,0,0,0
P124,Bandar Tun Razak,WP Kuala Lumpur,PH,21196,41126,7884,0,0,0,0,0,0,0,0,0,0,0,0,0,0,0,0,0,0,0,0,70206,0.851,19930,83650,5469,3,1,1,1,1,0,0.42,0.53,29.1,8.27,61.08,0.59,0.01,0,0
P125,Putrajaya,WP Kuala Lumpur,BN,12148,8776,3634,0,0,0,0,0,0,0,0,0,0,0,0,0,0,0,0,0,0,0,0,24558,0.911,3372,27306,823,3,0,1,1,1,0,0.85,0.42,0.89,3.18,94.17,0.45,0.04,0,0
P126,Jelebu,Negeri Sembilan,BN,19062,17017,2878,0,0,0,0,0,0,0,0,0,0,0,0,0,0,0,0,0,0,0,0,38957,0.819,2045,48522,1720,3,0,1,0,3,1,0.25,0.15,24.13,5.69,65.01,0.19,4.58,0,0
P127,Jempol,Negeri Sembilan,BN,26819,25188,5267,0,0,0,0,0,0,0,0,0,0,0,0,0,0,0,0,0,0,0,0,57274,0.811,1631,72122,420,3,0,1,0,3,1,0.06,0.05,23.24,12.31,63.35,0.22,0.77,0,0
P128,Seremban,Negeri Sembilan,PH,24809,55503,11506,0,0,0,0,0,0,0,0,0,0,0,0,0,0,0,0,0,0,0,0,91818,0.846,30694,110168,1888,3,1,1,1,1,0,0.19,0.13,36.75,13.25,48.39,0.59,0.7,0,0
P129,Kuala Pilah,Negeri Sembilan,PH,17845,18045,4347,0,0,0,0,0,0,0,0,0,0,0,0,0,0,0,0,0,0,0,0,40237,,200,49801,355,3,0,1,1,2,1,0.07,0.1,15.84,4.86,77.01,0.23,1.89,0,0
P130,Rasah,Negeri Sembilan,PH,14939,61806,8260,0,0,0,0,0,0,0,0,0,0,0,302,0,0,0,0,0,0,0,0,85307,0.843,46867,102838,2547,4,1,1,1,1,0,0.18,0.21,47.79,20.95,29.65,0.81,0.41,0,0
P131,Rembau,Negeri Sembilan,BN,36096,31732,6028,0,0,0,0,0,0,0,0,0,0,0,0,0,0,0,0,0,0,0,0,73856,0.852,4364,88365,1153,3,0,1,1,2,0,0.12,0.13,10.31,15.4,73.32,0.33,0.39,0,0
P132,Port Dickson,Negeri Sembilan,PH,18515,36225,6594,0,0,0,0,0,0,0,0,0,0,0,0,0,0,0,0,0,0,0,0,61334,0.832,17710,75212,7084,3,1,1,1,2,0,0.63,0.93,33.11,21.97,42.72,0.45,0.19,0,0
P133,Tampin,Negeri Sembilan,PH,21433,22435,4598,0,0,0,0,0,0,0,0,0,0,0,0,0,0,0,0,0,0,0,0,48466,0.815,1002,60765,5340,3,1,1,0,3,1,0.38,0.99,23.55,11.82,62.83,0.29,0.14,0,0
P134,Masjid Tanah,Melaka,BN,22898,14739,4688,0,0,0,0,0,0,0,0,0,0,0,0,0,0,0,0,0,0,0,0,42325,0.838,8159,51441,381,3,0,1,0,3,0,0.09,0.12,11.96,3.71,83.17,0.58,0.37,0,0
P135,Alor Gajah,Melaka,PH,22350,29330,6135,0,0,0,0,0,0,0,0,0,0,0,0,0,0,0,0,0,0,0,0,57815,,6980,70364,584,3,1,1,0,3,1,0.1,0.08,25.29,12.87,60.84,0.22,0.6,0,0
P136,Tangga Batu,Melaka,PH,27761,32420,8961,0,0,0,0,0,0,0,0,0,0,0,0,0,0,0,0,0,0,0,0,69142,0.847,4659,83213,11741,3,1,1,1,2,0,1.03,1.64,22.08,3.53,70.98,0.66,0.08,0,0
P137,Hang Tuah Jaya,Melaka,PH,30427,39067,7089,0,0,0,0,0,0,0,0,0,0,0,0,0,0,0,0,0,0,0,0,76583,0.87,8640,89364,1260,3,1,1,1,1,0,0.17,0.13,31.11,5.68,62.39,0.52,0,0,0
P138,Kota Melaka,Melaka,PH,27343,76518,0,0,1415,0,0,0,0,0,0,0,0,0,0,0,0,0,0,0,0,0,0,105276,0.844,49175,126848,796,3,1,0,1,1,0,0.11,0.1,57.11,4.01,37.41,1.25,0.01,0,0
P139,Jasin,Melaka,BN,26560,26341,8860,0,0,0,0,0,0,0,0,0,0,0,0,0,0,0,0,0,0,0,0,61761,0.857,219,73432,410,3,1,1,0,3,1,0.06,0.07,16.17,9.77,73.5,0.31,0.12,0,0
P140,Segamat,Johor,PH,18584,24060,2676,0,0,0,0,0,0,0,0,0,0,0,0,0,0,0,0,0,0,0,0,45320,0.834,5476,55350,2297,3,0,1,0,3,1,0.3,0.32,42.77,10.09,46.19,0.23,0.1,0,0
P141,Sekijang,Johor,PH,18278,19559,0,0,0,0,0,0,0,0,0,0,0,0,0,0,0,0,0,0,0,0,0,37837,0.845,1281,45596,7,2,0,0,0,3,1,0.03,0.05,36.15,4,59.24,0.35,0.18,0,0
P142,Labis,Johor,PH,13301,16709,2020,0,0,0,0,0,0,0,0,0,0,0,0,0,0,0,0,0,0,0,0,32030,0.808,3408,40356,66,3,0,1,0,3,1,0.07,0.05,44.94,14.68,37.98,0.24,2.04,0,0
P143,Pagoh,Johor,PH,16631,23558,2483,0,0,0,0,0,0,0,0,0,0,0,0,0,0,0,0,0,0,0,0,42672,0.848,6927,51512,105,3,1,1,0,3,1,0.04,0.04,29.76,3.72,65.96,0.14,0.34,0,0
P144,Ledang,Johor,PH,26040,34706,4668,0,0,0,0,0,0,0,0,0,0,0,0,0,0,0,0,0,0,0,0,65414,0.861,8666,77474,398,3,1,1,0,3,1,0.06,0.04,39.03,4.57,55.76,0.18,0.36,0,0
P145,Bakri,Johor,PH,15507,38718,7575,0,0,0,0,0,0,0,0,0,0,0,0,0,0,0,0,0,0,0,0,61800,0.848,23211,73883,1194,3,1,1,1,2,0,0.08,0.07,53.14,2.15,44.23,0.33,0,0,0
P146,Muar,Johor,PH,15388,22341,4354,0,0,0,0,0,0,0,0,0,0,0,0,0,0,0,0,0,0,0,0,42083,0.843,6953,50843,643,3,1,1,0,3,0,0.08,0.07,31.47,1.33,66.72,0.32,0.01,0,0
P147,Parit Sulong,Johor,BN,24481,18140,7148,0,0,0,0,0,0,0,0,0,0,0,0,0,0,0,0,0,0,0,0,49769,0.852,6341,59609,41,3,1,1,0,3,0,0.03,0.05,20.66,0.48,78.51,0.24,0.03,0,0
P148,Ayer Hitam,Johor,BN,17076,16773,4975,0,0,0,0,0,0,0,0,0,0,0,0,0,0,0,0,0,0,0,0,38824,0.855,303,46157,73,3,1,1,0,3,0,0.02,0.04,37.97,4.01,57.68,0.28,0,0,0
P149,Sri Gading,Johor,PH,18223,21511,4548,0,0,0,0,0,0,0,0,0,0,0,0,0,0,0,0,0,0,0,0,44282,0.867,3288,52119,106,3,1,1,0,3,0,0.07,0.04,33.17,1.46,65,0.25,0.01,0,0
P150,Batu Pahat,Johor,PH,28035,45929,8173,0,0,0,0,0,0,0,0,0,0,0,0,0,0,0,0,0,0,0,0,82137,0.848,17894,98543,1318,3,0,1,1,2,0,0.07,0.06,43.49,1.29,54.64,0.35,0.1,0,0
P151,Simpang Renggam,Johor,PH,14682,18157,2983,0,0,0,0,0,0,0,0,0,0,0,0,0,0,0,0,0,0,0,0,35822,0.834,3475,43998,908,3,1,1,0,3,1,0.12,0.1,30.8,8.84,59.61,0.51,0.02,0,0
P152,Kluang,Johor,PH,24618,47671,8242,0,0,0,0,0,0,0,0,0,0,0,0,0,0,0,0,0,0,0,0,80531,0.844,23053,96915,6229,3,1,1,1,2,0,0.3,0.69,47.49,9.38,41.63,0.47,0.04,0,0
P153,Sembrong,Johor,BN,21353,14691,0,0,0,0,0,0,0,0,0,0,0,0,0,0,0,0,0,0,0,0,0,36044,0.833,6662,44137,51,2,1,0,0,3,1,0.04,0.04,29.15,8.66,60.44,0.36,1.31,0,0
P154,Mersing,Johor,BN,19806,11347,6215,0,0,0,0,0,0,0,0,0,0,0,0,0,0,0,0,0,0,0,0,37368,0.795,8459,48176,2293,3,1,1,0,3,1,0.44,0.6,14.29,1.26,81.45,0.27,1.69,0,0
P155,Tenggara,Johor,BN,20142,14209,2683,0,0,0,0,0,0,0,0,0,0,0,0,0,0,0,0,0,0,0,0,37034,0.845,5933,44749,1924,3,1,1,0,3,1,0.4,1.13,16.13,6.58,74.68,0.52,0.56,0,0
P156,Kota Tinggi,Johor,BN,26407,11786,0,0,0,0,0,0,0,0,0,0,0,0,0,0,0,0,0,0,0,0,0,38193,0.844,14621,46677,351,2,1,0,0,3,1,0.06,0.09,9.27,1.85,88.36,0.3,0.07,0,0
P157,Pengerang,Johor,BN,21829,10412,0,0,0,0,0,0,0,0,0,0,0,0,0,0,0,0,0,0,0,0,0,32241,0.83,11417,40479,1080,2,0,0,0,3,1,0.17,0.18,8.87,0.77,89.61,0.19,0.21,0,0
P158,Tebrau,Johor,PH,27310,64535,12098,0,0,0,0,0,0,0,0,0,0,0,0,0,0,0,0,0,0,0,0,103943,0.857,37225,123033,221,3,0,1,1,2,1,0.27,0.67,39.36,11.54,47.19,0.89,0.08,0,0
P159,Pasir Gudang,Johor,PH,36889,61615,6278,0,227,0,0,0,0,0,0,0,0,0,0,0,0,0,0,0,0,0,0,105009,0.858,24726,124172,2143,4,0,1,1,2,0,1.34,1.41,37.03,10.45,48.89,0.8,0.08,0,0
P160,Johor Bahru,Johor,PH,30270,50052,0,0,0,0,0,0,0,0,0,0,0,0,0,0,0,0,0,0,0,0,0,80322,0.805,19782,101409,1546,2,1,0,1,1,0,0.18,0.24,41.09,5.15,52.64,0.68,0.02,0,0
P161,Pulai,Johor,PH,26523,55447,4332,0,591,0,0,0,0,0,0,0,0,0,0,0,0,0,0,0,0,0,0,86893,0.829,28924,106268,1779,4,1,1,1,1,0,0.3,0.36,39.2,10.28,49.06,0.63,0.17,0,0
P162,Iskandar Puteri,Johor,PH,35862,80726,0,0,0,0,0,0,0,0,0,0,0,0,0,0,0,0,0,0,0,0,0,116588,0.859,44864,138299,920,2,1,0,1,2,0,0.2,0.32,49.79,12.46,36.65,0.36,0.22,0,0
P163,Kulai,Johor,PH,22564,55312,6667,0,0,0,0,0,0,0,0,0,0,0,0,0,0,0,0,0,0,0,0,84543,0.864,32748,99147,738,3,1,1,1,2,1,0.21,0.18,54.04,10.24,34.96,0.36,0.01,0,0
P164,Pontian,Johor,BN,21132,20299,4295,0,0,0,0,0,0,0,0,0,0,0,0,0,0,0,0,0,0,0,0,45726,0.84,833,55570,100,3,1,1,0,3,0,0.05,0.06,30.1,1.03,68.24,0.45,0.07,0,0
P165,Tanjung Piai,Johor,PH,20731,21255,2962,0,0,0,0,0,0,0,0,0,0,0,0,0,0,0,0,0,0,0,0,44948,0.857,524,53528,334,3,1,1,0,3,0,0.08,0.08,41.64,1.01,56.8,0.38,0.01,0,0
P166,Labuan,Sabah,BN,10164,0,1555,8714,0,0,0,0,0,0,0,0,0,0,0,925,0,0,0,0,0,0,0,21358,1,1450,28356,26042,4,0,1,1,2,0,31.16,1.7,20.67,1.36,42.07,3.03,0.01,0,0
P167,Kudat,Sabah,BN,18503,0,0,17144,0,0,0,0,0,0,0,0,0,0,0,0,1432,0,0,0,0,0,0,37079,0.731,1359,52251,51692,3,0,0,0,3,0,0,0,9.12,0,0,0.42,0,56.87,33.59
P168,Kota Marudu,Sabah,BN,13033,0,0,7113,0,0,0,0,0,0,0,0,0,0,0,11259,0,2501,0,0,0,0,0,33906,0.749,1774,47007,46825,4,0,0,0,3,0,0,0,2.22,0,0,0.39,0,28.5,68.89
P169,Kota Belud,Sabah,PH,19167,0,1410,23429,0,0,0,0,0,0,0,0,0,0,0,2092,0,0,0,0,0,0,0,46098,0.821,4262,57919,57560,4,0,1,0,3,0,0,0,1.42,0,0,0.28,0,60.28,38.02
P170,Tuaran,Sabah,BN,22494,14870,1357,0,0,0,0,0,0,0,0,0,0,0,0,2311,0,2611,0,0,0,0,0,43643,0.824,7624,54400,54206,5,0,1,1,2,0,0,0,5.33,0,0,0.56,0,47.58,46.53
P171,Sepanggar,Sabah,PH,15436,0,0,28420,0,0,0,0,0,0,0,0,2958,0,0,0,0,971,0,0,0,0,0,47785,0.785,12984,62415,59390,4,0,0,1,2,0,0,0,18.98,0,0,1.14,0,55.25,24.63
P172,Kota Kinabalu,Sabah,PH,7546,31632,0,0,0,0,0,0,0,0,0,0,3132,0,0,0,0,0,0,0,0,0,0,42310,,24086,56220,54696,3,0,0,1,1,0,0,0,62.52,0,0,1.31,0,22.35,13.82
P173,Putatan,Sabah,PH,11767,14106,2434,0,0,0,0,0,0,0,0,0,0,0,0,1755,0,0,728,0,0,0,0,30790,0.771,2339,41312,37567,5,0,1,1,2,0,0,0,15.43,0,0,0.98,0,69.24,14.35
P174,Penampang,Sabah,PH,8997,0,0,32470,0,0,0,0,0,0,0,0,0,0,0,0,0,0,445,1196,0,0,0,43108,0.822,23473,53131,51097,4,0,0,0,3,0,0,0,32.56,0,0,1.7,0,13.95,51.79
P175,Papar,Sabah,PH,17069,0,0,17394,0,0,0,0,0,0,0,0,0,0,0,0,0,481,0,892,0,0,0,35836,0.838,325,43586,42684,4,0,0,0,3,0,0,0,7.46,0,0,0.52,0,66.71,25.31
P176,Kimanis,Sabah,BN,11942,0,0,11786,0,0,0,0,0,0,0,0,0,0,0,1300,0,0,0,0,0,0,0,25028,0.862,156,29618,29607,3,0,0,0,3,0,0,0,3.19,0,0,0.34,0,66.54,29.93
P177,Beaufort,Sabah,BN,11354,7835,0,0,0,0,0,0,0,0,0,0,0,0,0,8023,0,0,0,0,0,0,0,27212,0.844,3331,33342,33142,3,0,0,0,3,0,0,0,7.46,0,0,0.45,0,65.98,26.11
P178,Sipitang,Sabah,BN,12038,0,0,11186,0,0,0,0,0,0,0,0,0,0,0,1547,0,0,0,0,0,0,0,24771,0.799,852,31882,31739,3,0,0,0,3,0,0,0,3.74,0,0,0.51,0,76.27,19.48
P179,Ranau,Sabah,PH,13804,14880,0,0,0,0,0,0,0,0,0,0,0,0,0,0,0,1110,0,3148,0,0,0,32942,0.776,1076,43706,43531,4,0,0,0,3,0,0,0,1.71,0,0,1.04,0,40.03,57.22
P180,Keningau,Sabah,OTH,12742,0,0,13241,447,0,0,0,0,0,0,0,0,0,0,0,0,433,0,13286,0,0,0,40149,0.799,45,51177,50888,6,0,0,0,3,0,0,0,8.67,0,0,1.19,0,28.03,62.11
P181,Tenom,Sabah,PH,10230,11363,0,0,0,0,0,0,0,0,0,0,0,0,0,645,0,0,0,0,0,0,0,22238,0.789,1133,29182,29019,3,0,0,0,3,0,0,0,10.17,0,0,0.51,0,28.01,61.31
P182,Pensiangan,Sabah,BN,11783,9469,0,0,65,0,0,0,0,0,0,0,0,0,0,0,0,212,0,2839,0,0,0,24368,0.795,2314,31377,31368,5,0,0,0,3,0,0,0,1.3,0,0,0.5,0,24.27,73.93
P183,Beluran,Sabah,BN,13007,0,0,5892,246,0,0,0,0,0,0,0,0,0,0,996,273,284,0,0,0,0,0,20698,0.758,7115,28509,28354,6,0,0,0,3,0,0,0,0.84,0,0,0.85,0,54.05,44.26
P184,Libaran,Sabah,BN,17799,0,0,17121,0,0,0,0,0,0,0,0,0,0,0,1223,0,0,0,0,0,0,0,36143,0.777,678,47914,46666,3,0,0,0,3,0,0,0,16.47,0,0,0.61,0,76.77,6.15
P185,Batu Sapi,Sabah,PH,8357,980,948,12976,0,0,0,0,0,0,0,0,0,0,0,0,0,0,0,0,0,0,0,23261,0.738,4619,32574,30371,4,0,1,0,3,0,0,0,30.03,0,0,0.82,0,65.06,4.09
P186,Sandakan,Sabah,PH,8996,19094,0,0,0,0,0,0,0,0,0,0,0,0,0,0,0,0,0,0,0,0,0,28090,0.721,10098,39777,39494,2,0,0,1,2,0,0,0,49.29,0,0,1.1,0,43.9,5.71
P187,Kinabatangan,Sabah,BN,14465,0,0,4987,0,0,0,0,0,0,0,0,0,0,0,2066,0,0,0,0,0,0,0,21518,0.775,9478,28730,28549,3,0,0,0,3,0,0,0,0.56,0,0,0.49,0,72.48,26.47
P188,Silam,Sabah,PH,16951,0,1431,23352,0,0,0,0,0,0,0,0,0,0,0,1306,0,0,0,0,0,0,0,43040,0.727,6401,60942,59104,4,0,1,0,3,0,0,0,10.35,0,0,0.81,0,79.86,8.98
P189,Semporna,Sabah,PH,6135,0,384,26809,0,0,0,0,0,0,0,0,0,0,0,98,0,0,0,0,0,0,0,33426,0.717,20674,48248,47198,4,0,1,0,3,0,0,0,1.58,0,0,0.31,0,96.43,1.68
P190,Tawau,Sabah,PH,16673,21400,2518,0,0,0,0,0,0,0,0,0,0,0,0,2162,0,0,0,0,0,0,0,42753,0.732,4727,59919,59083,4,0,1,1,2,0,0,0,33.56,0,0,0.82,0,60.71,4.91
P191,Kalabakan,Sabah,PH,15299,0,2813,18486,0,0,0,0,0,0,0,0,0,0,0,0,311,0,0,0,0,0,0,36909,0.729,3187,52199,49251,4,0,1,0,3,0,0,0,8.54,0,0,0.88,0,84.4,6.18
P192,Mas Gading,Sarawak,PH,9747,12771,0,0,0,0,0,0,0,0,0,0,0,0,0,0,0,0,0,0,0,0,0,22518,0.771,3024,29617,335,2,0,0,0,3,0,0,76,18,0,5,1,0,0,0
P193,Santubong,Sarawak,BN,26379,6894,0,0,0,0,0,0,0,0,0,0,0,0,0,0,0,0,0,0,0,0,0,33273,0.742,19485,45628,184,2,0,0,0,3,0,0,12,8,0,80,0,0,0,0
P194,Petra Jaya,Sarawak,BN,28306,13289,1350,0,0,0,0,0,0,0,0,0,0,0,0,0,0,0,0,0,0,0,0,42945,0.751,15017,57925,908,3,0,1,0,3,0,0,12,13,0,73,2,0,0,0
P195,Bandar Kuching,Sarawak,PH,12575,48548,0,0,0,0,0,0,0,0,0,0,0,0,0,0,0,0,0,0,0,0,0,61123,0.751,35973,81856,1193,2,0,0,1,1,0,0,6,89,0,4,1,0,0,0
P196,Stampin,Sarawak,PH,18839,33060,0,0,0,0,0,0,0,0,0,0,0,0,0,0,0,0,0,0,0,0,0,51899,0.793,14221,66240,4299,2,0,0,1,1,0,0,18,64,0,16,2,0,0,0
P197,Kota Samarahan,Sarawak,BN,25070,8078,2719,0,0,0,0,0,0,0,0,0,0,0,0,0,0,0,0,0,0,0,0,35867,0.789,16992,46300,6067,3,0,1,0,3,0,0,26,11,0,62,1,0,0,0
P198,Puncak Borneo,Sarawak,PH,14860,18865,0,0,0,0,0,0,0,0,0,0,0,795,0,0,0,0,0,0,0,0,0,34520,0.761,4005,46180,1065,3,0,0,0,3,0,0,68,26,0,5,1,0,0,0
P199,Serian,Sarawak,BN,17545,7640,0,0,2234,0,0,0,0,0,0,0,0,0,0,0,0,0,0,0,0,0,0,27419,0.741,9905,37629,188,3,0,0,0,3,0,0,81,10,0,8,1,0,0,0
P200,Batang Sadong,Sarawak,BN,14208,1880,978,0,0,0,0,0,0,0,0,0,0,0,0,0,0,0,0,0,0,0,0,17066,0.747,12328,23213,103,3,0,1,0,3,0,0,24,5,0,70,1,0,0,0
P201,Batang Lupar,Sarawak,BN,14204,2020,3927,0,0,0,0,0,0,0,0,0,0,0,0,0,0,0,0,0,0,0,0,20151,0.691,10277,29811,7,3,0,1,0,3,0,0,30,3,0,67,0,0,0,0
P202,Sri Aman,Sarawak,BN,14141,8321,0,0,0,0,0,0,0,0,0,0,0,0,0,0,0,0,0,0,538,0,0,23000,0.708,5820,33016,1248,3,0,0,0,3,0,0,73,17,0,10,0,0,0,0
P203,Lubok Antu,Sarawak,OTH,4775,3942,0,0,5834,0,0,0,0,0,0,0,0,0,0,0,0,0,0,0,0,0,0,14551,0.711,1059,20801,60,3,0,0,0,3,0,0,90,8,0,2,0,0,0,0
P204,Betong,Sarawak,BN,12517,3802,0,0,4401,0,0,0,0,0,0,0,0,0,0,0,0,0,0,0,0,0,0,20720,0.726,8116,29145,129,3,0,0,0,3,0,0,55,7,0,38,0,0,0,0
P205,Saratok,Sarawak,PH,10859,11848,0,0,0,0,0,0,0,0,0,0,0,0,0,0,0,0,0,0,0,0,0,22707,0.756,989,30517,132,2,0,0,0,3,0,0,57,6,0,36,1,0,0,0
P206,Tanjong Manis,Sarawak,BN,11402,2728,0,0,0,0,0,0,0,0,0,0,0,0,0,0,0,0,0,0,0,0,0,14130,0.659,8674,21899,4,2,0,0,0,3,0,0,69,4,0,26,1,0,0,0
P207,Igan,Sarawak,BN,10538,2043,0,0,0,0,0,0,0,0,0,0,0,0,0,0,0,0,0,0,0,0,0,12581,0.663,8495,19592,88,2,0,0,0,3,0,0,89,4,0,7,0,0,0,0
P208,Sarikei,Sarawak,PH,13757,16327,0,0,0,0,0,0,0,0,0,0,0,0,0,0,0,0,0,0,0,392,0,30476,0.781,2570,39561,372,3,0,0,1,2,0,0,32,63,0,5,0,0,0,0
P209,Julau,Sarawak,OTH,8174,0,0,0,10105,0,0,0,0,0,0,0,0,0,0,0,0,0,0,0,0,0,0,18279,0.732,1931,25380,56,2,0,0,1,1,0,0,94,5,0,1,0,0,0,0
P210,Kanowit,Sarawak,BN,9552,5240,0,0,0,0,0,0,0,0,0,0,0,0,0,0,0,0,0,0,0,0,0,14792,0.721,4312,21022,72,2,0,0,1,1,0,0,86,12,0,2,0,0,0,0
P211,Lanang,Sarawak,PH,15359,29905,0,0,0,0,0,0,0,0,0,0,0,0,0,0,0,0,0,0,0,0,628,45892,0.749,14546,61973,1250,3,0,0,1,1,0,0,27,69,0,3,1,0,0,0
P212,Sibu,Sarawak,PH,22389,33811,0,0,0,0,0,0,0,0,0,0,0,176,0,0,0,0,0,0,0,0,377,56753,0.778,11422,74149,3188,4,0,0,1,2,0,0,25,63,0,11,1,0,0,0
P213,Mukah,Sarawak,BN,13853,6853,0,0,0,0,0,0,0,0,0,0,0,0,0,0,0,0,0,0,0,0,0,20706,0.693,7000,30608,204,2,0,0,0,3,0,0,87,9,0,3,1,0,0,0
P214,Selangau,Sarawak,PH,10742,11228,0,0,0,0,0,0,0,0,0,0,0,0,0,0,0,0,0,0,0,0,0,21970,0.744,486,30026,75,2,0,0,0,3,0,0,95,3,0,1,1,0,0,0
P215,Kapit,Sarawak,BN,14302,3823,0,0,0,0,0,0,0,0,0,0,0,0,0,0,0,0,0,0,0,0,0,18125,0.603,10479,30658,157,2,0,0,0,3,0,0,87,10,0,3,0,0,0,0
P216,Hulu Rajang,Sarawak,BN,11834,5519,0,0,0,0,0,0,0,0,0,0,0,0,0,0,0,0,0,0,0,0,0,17353,0.644,6315,27520,66,2,0,0,0,3,0,0,97,2,0,1,0,0,0,0
P217,Bintulu,Sarawak,BN,27076,20054,0,0,0,0,0,0,0,0,0,0,0,328,0,0,0,0,0,0,0,0,0,47458,0.738,7022,65049,548,3,0,0,1,2,0,0,60,29,0,11,0,0,0,0
P218,Sibuti,Sarawak,BN,12214,8538,1617,0,0,0,0,0,0,0,0,0,0,0,0,0,0,0,0,0,0,0,0,22369,0.712,3676,31868,967,3,0,1,0,3,0,0,54,22,0,24,0,0,0,0
P219,Miri,Sarawak,PH,22076,35739,0,0,0,0,0,0,0,0,0,0,0,0,0,0,0,0,0,0,0,0,0,57815,0.727,13663,80386,995,2,0,0,1,2,0,0,28,55,0,15,2,0,0,0
P220,Baram,Sarawak,BN,12171,10181,0,0,0,0,0,0,0,0,0,0,0,0,0,0,0,0,0,0,0,0,0,22352,0.639,1990,35685,90,2,0,0,0,3,0,0,87,8,0,5,0,0,0,0
P221,Limbang,Sarawak,BN,12589,4879,0,0,0,0,0,0,0,0,0,0,0,0,0,0,0,0,0,0,0,0,0,17468,0.674,7710,26409,376,2,0,0,0,3,0,0,46,18,0,28,8,0,0,0
P222,Lawas,Sarawak,BN,10037,4037,0,0,176,0,0,0,0,0,0,0,0,0,0,0,0,0,0,0,0,0,0,14250,0.683,6000,21297,119,3,0,0,0,3,0,0,48,9,0,40,3,0,0,0